"Marketing campaigns for Luxury Clothes","69","Marketing","-500","18201"
"Marketing campaigns for Best Websites Ever","69","Marketing","-2500","18701"
"Marketing campaigns for Best Jewelery","69","Marketing","-500","21201"
"6 5th Avenue Rent","69","Rent","-25","16521"
"51 2nd Street Rent","69","Rent","-55","16546"
"1 Broadway Rent","69","Rent","-91","6743"
"82 1st Street Rent","69","Rent","-24","6634"
"5 5th Avenue Rent","69","Rent","-70","6658"
"9 5th Avenue Rent","69","Rent","-65","6728"
"Mary Lee training costs","69","HR Training","-910.0623","7589"
"Luxury Clothes Revenue","68","Revenue","5180","21701"
"Best Websites Ever Revenue","68","Revenue","9858","16601"
"Best Jewelery Revenue","68","Revenue","200","6834"
"Allen Levine (Best Websites Ever Daily Wage)","68","Wage","-349.5396","6793"
"Randall Barry (Best Websites Ever Daily Wage)","68","Wage","-349.5396","7142"
"Gary Kurtz (Best Websites Ever Daily Wage)","68","Wage","-97.58556","7492"
"Mary Lee (Best Inc Daily Wage)","68","Wage","-487.9278","8500"
"Everett Toussaint (Best Inc Daily Wage)","68","Wage","-476.5184","8987"
"Jason Garcia (Best Inc Daily Wage)","68","Wage","-487.9278","9464"
"Dawn Sanmiguel (Best Jewelery Daily Wage)","68","Wage","-249.5877","9952"
"Verna Tubbs (Best Inc Daily Wage)","68","Wage","-479.3685","10201"
"Alissa Holley (Best Inc Daily Wage)","68","Wage","-420.9534","10681"
"Florence Highfill (Best Inc Daily Wage)","68","Wage","-389.9844","11102"
"Charles Hinkel (BestBiz Warehouse Daily Wage)","68","Wage","-165.5659","11492"
"Ebony Matthews (Luxury Clothes Daily Wage)","68","Wage","-133.7753","11657"
"Anthony Luoma (Best Jewelery Daily Wage)","68","Wage","-165.4309","11791"
"Penny Durocher (Best Jewelery Daily Wage)","68","Wage","-57.47724","11957"
"Gladys Turner (Best Jewelery Daily Wage)","68","Wage","-115.5546","12014"
"Rose Parker (Best Websites Ever Daily Wage)","68","Wage","-297.2631","12130"
"James Williams (Best Websites Ever Daily Wage)","68","Wage","-361.3054","12427"
"Elizabeth Green (Best Websites Ever Daily Wage)","68","Wage","-408.6663","12788"
"Monica Olivas (Best Websites Ever Daily Wage)","68","Wage","-373.288","13197"
"Tyrone Bethel (Best Websites Ever Daily Wage)","68","Wage","-298.7088","13570"
"Pauline Dickert (Luxury Clothes Daily Wage)","68","Wage","-133.811","13869"
"Domenic Bohman (Luxury Clothes Daily Wage)","68","Wage","-155.5693","14003"
"Amy Glover (Best Websites Ever Daily Wage)","68","Wage","-397.2722","14158"
"Ruth Teeple (Best Websites Ever Daily Wage)","68","Wage","-434.4864","14555"
"Epifania Gibson (Best Websites Ever Daily Wage)","68","Wage","-334.4696","14990"
"Johnny Sample (Best Websites Ever Daily Wage)","68","Wage","-40.03317","15324"
"Marketing campaigns for Luxury Clothes","68","Marketing","-500","15364"
"Marketing campaigns for Best Websites Ever","68","Marketing","-2500","15864"
"Marketing campaigns for Best Jewelery","68","Marketing","-500","18364"
"6 5th Avenue Rent","68","Rent","-25","13124"
"51 2nd Street Rent","68","Rent","-55","13149"
"1 Broadway Rent","68","Rent","-91","8333"
"82 1st Street Rent","68","Rent","-24","7624"
"5 5th Avenue Rent","68","Rent","-70","7648"
"9 5th Avenue Rent","68","Rent","-65","4882"
"Mary Lee training costs","68","HR Training","-899.1998","4975"
"Luxury Clothes Revenue","67","Revenue","5740","18864"
"Best Websites Ever Revenue","67","Revenue","4871.2","13204"
"Best Jewelery Revenue","67","Revenue","800","8424"
" Revenue","67","Revenue","2835.8","7718"
"Public parking for Vord Tiara Vic","67","Public Parking","-27.5","4947"
"Mary Lee (Best Inc Daily Wage)","67","Wage","-487.9278","5874"
"Everett Toussaint (Best Inc Daily Wage)","67","Wage","-476.5184","6362"
"Jason Garcia (Best Inc Daily Wage)","67","Wage","-487.9278","6839"
"Dawn Sanmiguel (Best Jewelery Daily Wage)","67","Wage","-249.5877","7327"
"Verna Tubbs (Best Inc Daily Wage)","67","Wage","-479.3685","7576"
"Alissa Holley (Best Inc Daily Wage)","67","Wage","-419.8487","8055"
"Florence Highfill (Best Inc Daily Wage)","67","Wage","-386.5147","8475"
"Charles Hinkel (BestBiz Warehouse Daily Wage)","67","Wage","-165.0977","8862"
"Ebony Matthews (Luxury Clothes Daily Wage)","67","Wage","-132.4895","9027"
"Anthony Luoma (Best Jewelery Daily Wage)","67","Wage","-163.5259","9159"
"Penny Durocher (Best Jewelery Daily Wage)","67","Wage","-57.97953","9323"
"Gladys Turner (Best Jewelery Daily Wage)","67","Wage","-116.6407","9381"
"Rose Parker (Best Websites Ever Daily Wage)","67","Wage","-293.9843","9498"
"James Williams (Best Websites Ever Daily Wage)","67","Wage","-366.0279","9792"
"Krista Mobley (Best Websites Ever Daily Wage)","67","Wage","-367.7604","10158"
"Elizabeth Green (Best Websites Ever Daily Wage)","67","Wage","-419.3315","10525"
"Monica Olivas (Best Websites Ever Daily Wage)","67","Wage","-378.2095","10945"
"Tyrone Bethel (Best Websites Ever Daily Wage)","67","Wage","-295.8978","11323"
"Pauline Dickert (Luxury Clothes Daily Wage)","67","Wage","-142.7686","11619"
"Domenic Bohman (Luxury Clothes Daily Wage)","67","Wage","-152.9223","11762"
"Amy Glover (Best Websites Ever Daily Wage)","67","Wage","-406.6008","11914"
"Ruth Teeple (Best Websites Ever Daily Wage)","67","Wage","-449.0923","12321"
"Epifania Gibson (Best Websites Ever Daily Wage)","67","Wage","-331.5916","12770"
"Moving Service by Manhattan Movers","67","Moving Service","-4295","13102"
"5 5th Avenue delivery from Mr. Scott's Office Supplies","67","Delivery Contract","-2070","17397"
"Purchase from Mr. Scott's Office Supplies","67","Item Purchase","-520","19467"
"Purchase from Mr. Scott's Office Supplies","67","Item Purchase","-520","19987"
"Marketing campaigns for Luxury Clothes","67","Marketing","-500","20507"
"Marketing campaigns for Best Jewelery","67","Marketing","-500","21007"
"Marketing campaigns for Best Websites Ever","67","Marketing","-2500","21507"
"6 5th Avenue Rent","67","Rent","-25","18407"
"51 2nd Street Rent","67","Rent","-55","18432"
"1 Broadway Rent","67","Rent","-91","18487"
"82 1st Street Rent","67","Rent","-24","18178"
"5 5th Avenue Rent","67","Rent","-70","18202"
"9 5th Avenue Rent","67","Rent","-65","10796"
"Luxury Clothes Revenue","66","Revenue","5600","24007"
"Best Jewelery Revenue","66","Revenue","400","18578"
"Best Websites Ever Revenue","66","Revenue","7476.2","18272"
"Public parking for Vord Tiara Vic","66","Public Parking","-5","10861"
"Mary Lee (Best Inc Daily Wage)","66","Wage","-60.99098","10866"
"Everett Toussaint (Best Inc Daily Wage)","66","Wage","-178.6944","10927"
"Jason Garcia (Best Inc Daily Wage)","66","Wage","-182.9729","11105"
"Dawn Sanmiguel (Best Jewelery Daily Wage)","66","Wage","-249.5877","11288"
"Verna Tubbs (Best Inc Daily Wage)","66","Wage","-479.3685","11538"
"Alissa Holley (Best Inc Daily Wage)","66","Wage","-419.8487","12017"
"Florence Highfill (Best Inc Daily Wage)","66","Wage","-386.5147","12437"
"Charles Hinkel (BestBiz Warehouse Daily Wage)","66","Wage","-165.0977","12824"
"Aaron Crane (Best Inc Daily Wage)","66","Wage","-75.90498","12989"
"Ebony Matthews (Luxury Clothes Daily Wage)","66","Wage","-132.4895","13065"
"Anthony Luoma (Best Jewelery Daily Wage)","66","Wage","-163.5259","13197"
"Penny Durocher (Best Jewelery Daily Wage)","66","Wage","-57.97953","13361"
"Gladys Turner (Best Jewelery Daily Wage)","66","Wage","-116.6407","13419"
"Rose Parker (Best Websites Ever Daily Wage)","66","Wage","-293.9843","13535"
"James Williams (Best Websites Ever Daily Wage)","66","Wage","-366.0279","13829"
"Krista Mobley (Best Websites Ever Daily Wage)","66","Wage","-367.7604","14195"
"Elizabeth Green (Best Websites Ever Daily Wage)","66","Wage","-419.3315","14563"
"Tyrone Bethel (Best Websites Ever Daily Wage)","66","Wage","-295.8978","14982"
"Pauline Dickert (Luxury Clothes Daily Wage)","66","Wage","-142.7686","15278"
"Domenic Bohman (Luxury Clothes Daily Wage)","66","Wage","-152.9223","15421"
"Amy Glover (Best Websites Ever Daily Wage)","66","Wage","-406.6008","15574"
"Ruth Teeple (Best Websites Ever Daily Wage)","66","Wage","-449.0923","15980"
"Epifania Gibson (Best Websites Ever Daily Wage)","66","Wage","-331.5916","16430"
"Christopher Clemons (Best Websites Ever Daily Wage)","66","Wage","-325.4603","16761"
"Purchase from IKA BOHAG","66","Item Purchase","-1090","17087"
"1 Broadway Rent","66","Rent","-91","18177"
"1 Broadway Deposit","66","Deposit","-3330","18268"
"5 5th Avenue delivery from IKA BOHAG","66","Delivery Contract","-7000","21598"
"Marketing campaigns for Luxury Clothes","66","Marketing","-500","28598"
"Marketing campaigns for Best Jewelery","66","Marketing","-500","29098"
"Marketing campaigns for Best Websites Ever","66","Marketing","-2500","29598"
"6 5th Avenue Rent","66","Rent","-25","26918"
"51 2nd Street Rent","66","Rent","-55","26943"
"82 1st Street Rent","66","Rent","-24","26798"
"5 5th Avenue Rent","66","Rent","-70","26822"
"9 5th Avenue Rent","66","Rent","-65","19158"
"Luxury Clothes Revenue","65","Revenue","5180","32098"
"Best Jewelery Revenue","65","Revenue","200","26998"
"Best Websites Ever Revenue","65","Revenue","7734","26892"
"Dawn Sanmiguel (Best Jewelery Daily Wage)","65","Wage","-249.5877","19223"
"Verna Tubbs (Best Inc Daily Wage)","65","Wage","-479.3685","19472"
"Alissa Holley (Best Inc Daily Wage)","65","Wage","-419.8487","19952"
"Florence Highfill (Best Inc Daily Wage)","65","Wage","-386.5147","20371"
"Charles Hinkel (BestBiz Warehouse Daily Wage)","65","Wage","-165.0977","20758"
"Jack Boyd (Best Inc Daily Wage)","65","Wage","-353.5078","20923"
"Ebony Matthews (Luxury Clothes Daily Wage)","65","Wage","-132.4895","21277"
"Anthony Luoma (Best Jewelery Daily Wage)","65","Wage","-163.5259","21409"
"Penny Durocher (Best Jewelery Daily Wage)","65","Wage","-57.97953","21573"
"Gladys Turner (Best Jewelery Daily Wage)","65","Wage","-116.6407","21631"
"Rose Parker (Best Websites Ever Daily Wage)","65","Wage","-293.9843","21747"
"James Williams (Best Websites Ever Daily Wage)","65","Wage","-366.0279","22041"
"Krista Mobley (Best Websites Ever Daily Wage)","65","Wage","-367.7604","22407"
"Elizabeth Green (Best Websites Ever Daily Wage)","65","Wage","-419.3315","22775"
"Tyrone Bethel (Best Websites Ever Daily Wage)","65","Wage","-295.8978","23194"
"Pauline Dickert (Luxury Clothes Daily Wage)","65","Wage","-142.7686","23490"
"Domenic Bohman (Luxury Clothes Daily Wage)","65","Wage","-152.9223","23633"
"Amy Glover (Best Websites Ever Daily Wage)","65","Wage","-406.6008","23786"
"Epifania Gibson (Best Websites Ever Daily Wage)","65","Wage","-331.5916","24192"
"Christopher Clemons (Best Websites Ever Daily Wage)","65","Wage","-325.4603","24524"
"Johnny Sample (Best Websites Ever Daily Wage)","65","Wage","-317.0811","24850"
"Delivery from BlueStone Imports","65","Import Delivery","-5341.304","25167"
"Delivery from JetCargo Imports","65","Import Delivery","-3040.764","30508"
"Marketing campaigns for Luxury Clothes","65","Marketing","-500","33549"
"Marketing campaigns for Best Jewelery","65","Marketing","-500","34049"
"Marketing campaigns for Best Websites Ever","65","Marketing","-2500","34549"
"6 5th Avenue Rent","65","Rent","-25","31729"
"51 2nd Street Rent","65","Rent","-55","31754"
"82 1st Street Rent","65","Rent","-24","30609"
"5 5th Avenue Rent","65","Rent","-70","30633"
"9 5th Avenue Rent","65","Rent","-65","22969"
"Luxury Clothes Revenue","64","Revenue","5320","37049"
"Best Jewelery Revenue","64","Revenue","1200","31809"
"Best Websites Ever Revenue","64","Revenue","7734","30703"
"Dawn Sanmiguel (Best Jewelery Daily Wage)","64","Wage","-249.5877","23034"
"Verna Tubbs (Best Inc Daily Wage)","64","Wage","-479.3685","23283"
"Alissa Holley (Best Inc Daily Wage)","64","Wage","-419.8487","23763"
"Florence Highfill (Best Inc Daily Wage)","64","Wage","-386.5147","24183"
"Charles Hinkel (BestBiz Warehouse Daily Wage)","64","Wage","-165.0977","24569"
"Jack Boyd (Best Inc Daily Wage)","64","Wage","-353.5078","24734"
"Aaron Crane (Best Inc Daily Wage)","64","Wage","-303.6199","25088"
"Ebony Matthews (Luxury Clothes Daily Wage)","64","Wage","-132.4895","25391"
"Anthony Luoma (Best Jewelery Daily Wage)","64","Wage","-163.5259","25524"
"Penny Durocher (Best Jewelery Daily Wage)","64","Wage","-57.97953","25687"
"Gladys Turner (Best Jewelery Daily Wage)","64","Wage","-116.6407","25745"
"Rose Parker (Best Websites Ever Daily Wage)","64","Wage","-293.9843","25862"
"James Williams (Best Websites Ever Daily Wage)","64","Wage","-366.0279","26156"
"Elizabeth Green (Best Websites Ever Daily Wage)","64","Wage","-366.915","26522"
"Monica Olivas (Best Websites Ever Daily Wage)","64","Wage","-378.2095","26889"
"Tyrone Bethel (Best Websites Ever Daily Wage)","64","Wage","-258.9106","27267"
"Pauline Dickert (Luxury Clothes Daily Wage)","64","Wage","-142.7686","27526"
"Domenic Bohman (Luxury Clothes Daily Wage)","64","Wage","-152.9223","27669"
"Amy Glover (Best Websites Ever Daily Wage)","64","Wage","-406.6008","27822"
"Ruth Teeple (Best Websites Ever Daily Wage)","64","Wage","-56.13654","28228"
"Epifania Gibson (Best Websites Ever Daily Wage)","64","Wage","-290.1427","28284"
"Christopher Clemons (Best Websites Ever Daily Wage)","64","Wage","-325.4603","28574"
"Johnny Sample (Best Websites Ever Daily Wage)","64","Wage","-317.0811","28900"
"Vord Tiara Vic","64","Vehicle Bought","-11000","29217"
"Sold Honza Mimic","64","Item Sold","750","40217"
"Delivery from JetCargo Imports","64","Import Delivery","-3031.555","39467"
"Marketing campaigns for Luxury Clothes","64","Marketing","-500","42499"
"Marketing campaigns for Best Jewelery","64","Marketing","-500","42999"
"Marketing campaigns for Best Websites Ever","64","Marketing","-2500","43499"
"6 5th Avenue Rent","64","Rent","-25","40119"
"51 2nd Street Rent","64","Rent","-55","40144"
"82 1st Street Rent","64","Rent","-24","30199"
"5 5th Avenue Rent","64","Rent","-70","30223"
"9 5th Avenue Rent","64","Rent","-65","30293"
"Luxury Clothes Revenue","63","Revenue","5880","45999"
"Best Jewelery Revenue","63","Revenue","10000","40199"
"Charles Hinkel (BestBiz Warehouse Daily Wage)","63","Wage","-165.0977","30358"
"Penny Durocher (Best Jewelery Daily Wage)","63","Wage","-347.8772","30523"
"Gladys Turner (Best Jewelery Daily Wage)","63","Wage","-116.6407","30871"
"Pauline Dickert (Luxury Clothes Daily Wage)","63","Wage","-142.7686","30987"
"Domenic Bohman (Luxury Clothes Daily Wage)","63","Wage","-152.9223","31130"
"Delivery from JetCargo Imports","63","Import Delivery","-3031.555","31283"
"Marketing campaigns for Luxury Clothes","63","Marketing","-500","34314"
"Marketing campaigns for Best Jewelery","63","Marketing","-500","34814"
"Marketing campaigns for Best Websites Ever","63","Marketing","-2500","35314"
"6 5th Avenue Rent","63","Rent","-25","32214"
"51 2nd Street Rent","63","Rent","-55","32239"
"82 1st Street Rent","63","Rent","-24","22294"
"5 5th Avenue Rent","63","Rent","-70","22318"
"9 5th Avenue Rent","63","Rent","-65","22388"
"Luxury Clothes Revenue","62","Revenue","5600","37814"
"Best Jewelery Revenue","62","Revenue","10000","32294"
"Charles Hinkel (BestBiz Warehouse Daily Wage)","62","Wage","-165.0977","22453"
"Anthony Luoma (Best Jewelery Daily Wage)","62","Wage","-40.88148","22619"
"Penny Durocher (Best Jewelery Daily Wage)","62","Wage","-231.9181","22659"
"Gladys Turner (Best Jewelery Daily Wage)","62","Wage","-174.9611","22891"
"Pauline Dickert (Luxury Clothes Daily Wage)","62","Wage","-142.7686","23066"
"Domenic Bohman (Luxury Clothes Daily Wage)","62","Wage","-152.9223","23209"
"5 5th Avenue delivery from IKA BOHAG","62","Delivery Contract","-4920","23362"
"Delivery from JetCargo Imports","62","Import Delivery","-3828.969","28282"
"Marketing campaigns for Luxury Clothes","62","Marketing","-500","32111"
"Marketing campaigns for Best Jewelery","62","Marketing","-500","32611"
"Marketing campaigns for Best Websites Ever","62","Marketing","-2500","33111"
"6 5th Avenue Rent","62","Rent","-25","29451"
"51 2nd Street Rent","62","Rent","-55","29476"
"82 1st Street Rent","62","Rent","-24","19531"
"5 5th Avenue Rent","62","Rent","-70","19555"
"9 5th Avenue Rent","62","Rent","-65","14082"
"Aaron Crane training costs","62","HR Training","-806.548","15472"
"Luxury Clothes Revenue","61","Revenue","6160","35611"
"Best Jewelery Revenue","61","Revenue","10000","29531"
"Best Websites Ever Revenue","61","Revenue","5542.7","19625"
"Alissa Holley (Best Inc Daily Wage)","61","Wage","-419.8487","14147"
"Florence Highfill (Best Inc Daily Wage)","61","Wage","-386.5147","14567"
"Charles Hinkel (BestBiz Warehouse Daily Wage)","61","Wage","-165.0977","14954"
"Jack Boyd (Best Inc Daily Wage)","61","Wage","-353.5078","15119"
"Aaron Crane (Best Inc Daily Wage)","61","Wage","-303.6199","16279"
"Ebony Matthews (Luxury Clothes Daily Wage)","61","Wage","-131.4619","16582"
"Anthony Luoma (Best Jewelery Daily Wage)","61","Wage","-141.7144","16714"
"Penny Durocher (Best Jewelery Daily Wage)","61","Wage","-207.2262","16856"
"Gladys Turner (Best Jewelery Daily Wage)","61","Wage","-208.5022","17063"
"Rose Parker (Best Websites Ever Daily Wage)","61","Wage","-254.8115","17271"
"James Williams (Best Websites Ever Daily Wage)","61","Wage","-326.3801","17526"
"Krista Mobley (Best Websites Ever Daily Wage)","61","Wage","-328.0963","17853"
"Elizabeth Green (Best Websites Ever Daily Wage)","61","Wage","-366.915","18181"
"Tyrone Bethel (Best Websites Ever Daily Wage)","61","Wage","-293.3648","18548"
"Pauline Dickert (Luxury Clothes Daily Wage)","61","Wage","-142.7686","18841"
"Domenic Bohman (Luxury Clothes Daily Wage)","61","Wage","-150.4786","18984"
"Amy Glover (Best Websites Ever Daily Wage)","61","Wage","-355.7757","19134"
"Ruth Teeple (Best Websites Ever Daily Wage)","61","Wage","-56.13654","19490"
"Epifania Gibson (Best Websites Ever Daily Wage)","61","Wage","-331.5916","19546"
"Johnny Sample (Best Websites Ever Daily Wage)","61","Wage","-39.28191","19878"
"Marketing campaigns for Luxury Clothes","61","Marketing","-500","19917"
"Marketing campaigns for Best Jewelery","61","Marketing","-500","20417"
"Marketing campaigns for Best Websites Ever","61","Marketing","-2500","20917"
"6 5th Avenue Rent","61","Rent","-25","17957"
"51 2nd Street Rent","61","Rent","-55","17982"
"82 1st Street Rent","61","Rent","-24","10437"
"5 5th Avenue Rent","61","Rent","-70","10461"
"9 5th Avenue Rent","61","Rent","-65","4579"
"Aaron Crane training costs","61","HR Training","-849.0012","5961"
"Luxury Clothes Revenue","60","Revenue","5460","23417"
"Best Jewelery Revenue","60","Revenue","7600","18037"
"Best Websites Ever Revenue","60","Revenue","5952.4","10531"
"Alissa Holley (Best Inc Daily Wage)","60","Wage","-419.8487","4644"
"Florence Highfill (Best Inc Daily Wage)","60","Wage","-383.4331","5063"
"Charles Hinkel (BestBiz Warehouse Daily Wage)","60","Wage","-165.0977","5447"
"Jack Boyd (Best Inc Daily Wage)","60","Wage","-349.1448","5612"
"Aaron Crane (Best Inc Daily Wage)","60","Wage","-303.6199","6810"
"Ebony Matthews (Luxury Clothes Daily Wage)","60","Wage","-130.6555","7114"
"Anthony Luoma (Best Jewelery Daily Wage)","60","Wage","-140.5834","7244"
"Penny Durocher (Best Jewelery Daily Wage)","60","Wage","-215.3648","7385"
"Gladys Turner (Best Jewelery Daily Wage)","60","Wage","-216.7531","7600"
"Rose Parker (Best Websites Ever Daily Wage)","60","Wage","-288.7947","7817"
"James Williams (Best Websites Ever Daily Wage)","60","Wage","-95.71912","8106"
"Krista Mobley (Best Websites Ever Daily Wage)","60","Wage","-385.1467","8202"
"Elizabeth Green (Best Websites Ever Daily Wage)","60","Wage","-419.3315","8587"
"Monica Olivas (Best Websites Ever Daily Wage)","60","Wage","-99.06705","9006"
"Rhonda Perry (Best Websites Ever Daily Wage)","60","Wage","-95.46046","9105"
"Tyrone Bethel (Best Websites Ever Daily Wage)","60","Wage","-291.185","9201"
"Pauline Dickert (Luxury Clothes Daily Wage)","60","Wage","-142.7686","9492"
"Domenic Bohman (Luxury Clothes Daily Wage)","60","Wage","-148.0763","9634"
"Amy Glover (Best Websites Ever Daily Wage)","60","Wage","-101.6502","9783"
"Ruth Teeple (Best Websites Ever Daily Wage)","60","Wage","-449.0923","9884"
"Johnny Sample (Best Websites Ever Daily Wage)","60","Wage","-77.92757","10333"
"Delivery from JetCargo Imports","60","Import Delivery","-6233.77","10411"
"Marketing campaigns for Luxury Clothes","60","Marketing","-500","16645"
"Marketing campaigns for Best Jewelery","60","Marketing","-500","17145"
"Marketing campaigns for Best Websites Ever","60","Marketing","-2500","17645"
"Luxury Clothes delivery from NY Distro Inc","60","Delivery Contract","-5096.199","20145"
"6 5th Avenue Rent","60","Rent","-25","19921"
"51 2nd Street Rent","60","Rent","-55","19946"
"82 1st Street Rent","60","Rent","-24","13001"
"5 5th Avenue Rent","60","Rent","-70","13025"
"9 5th Avenue Rent","60","Rent","-65","6237"
"Aaron Crane training costs","60","HR Training","-101.8778","7508"
"Luxury Clothes Revenue","59","Revenue","5320","25241"
"Best Jewelery Revenue","59","Revenue","7000","20001"
"Best Websites Ever Revenue","59","Revenue","6858.2","13095"
"Alissa Holley (Best Inc Daily Wage)","59","Wage","-314.8865","6302"
"Florence Highfill (Best Inc Daily Wage)","59","Wage","-380.8524","6617"
"Charles Hinkel (BestBiz Warehouse Daily Wage)","59","Wage","-165.0977","6998"
"Jack Boyd (Best Inc Daily Wage)","59","Wage","-344.96","7163"
"Aaron Crane (Best Inc Daily Wage)","59","Wage","-303.6199","7610"
"Ebony Matthews (Luxury Clothes Daily Wage)","59","Wage","-130.6555","7913"
"Anthony Luoma (Best Jewelery Daily Wage)","59","Wage","-140.5834","8044"
"Penny Durocher (Best Jewelery Daily Wage)","59","Wage","-184.5984","8185"
"Gladys Turner (Best Jewelery Daily Wage)","59","Wage","-247.7178","8369"
"Rose Parker (Best Websites Ever Daily Wage)","59","Wage","-288.7947","8617"
"James Williams (Best Websites Ever Daily Wage)","59","Wage","-95.71912","8906"
"Krista Mobley (Best Websites Ever Daily Wage)","59","Wage","-385.1467","9001"
"Elizabeth Green (Best Websites Ever Daily Wage)","59","Wage","-419.3315","9387"
"Rhonda Perry (Best Websites Ever Daily Wage)","59","Wage","-95.46046","9806"
"Tyrone Bethel (Best Websites Ever Daily Wage)","59","Wage","-72.79626","9901"
"Pauline Dickert (Luxury Clothes Daily Wage)","59","Wage","-142.7686","9974"
"Domenic Bohman (Luxury Clothes Daily Wage)","59","Wage","-148.0763","10117"
"Amy Glover (Best Websites Ever Daily Wage)","59","Wage","-406.6008","10265"
"Ruth Teeple (Best Websites Ever Daily Wage)","59","Wage","-449.0923","10672"
"Epifania Gibson (Best Websites Ever Daily Wage)","59","Wage","-82.8979","11121"
"Christopher Clemons (Best Websites Ever Daily Wage)","59","Wage","-320.0483","11204"
"Johnny Sample (Best Websites Ever Daily Wage)","59","Wage","-77.92757","11524"
"Purchase from AJ Pederson & Son","59","Item Purchase","-5000","11602"
"UMC Desert","59","Vehicle Bought","-8000","16602"
"Refund 100x Jewelry (Cheap) for BestBiz Warehouse from JetCargo Imports","59","Import Delivery Refund","6319.098","24602"
"Delivery from JetCargo Imports","59","Import Delivery","-6319.098","18282"
"Marketing campaigns for Luxury Clothes","59","Marketing","-500","24602"
"Marketing campaigns for Best Jewelery","59","Marketing","-500","25102"
"Marketing campaigns for Best Websites Ever","59","Marketing","-2500","25602"
"6 5th Avenue Rent","59","Rent","-25","22922"
"51 2nd Street Rent","59","Rent","-55","22947"
"82 1st Street Rent","59","Rent","-24","15202"
"5 5th Avenue Rent","59","Rent","-70","15226"
"9 5th Avenue Rent","59","Rent","-65","8437"
"Aaron Crane training costs","59","HR Training","-100.6685","8891"
"Luxury Clothes Revenue","58","Revenue","5180","28102"
"Best Jewelery Revenue","58","Revenue","7800","23002"
"Best Websites Ever Revenue","58","Revenue","6858.2","15296"
"Florence Highfill (Best Inc Daily Wage)","58","Wage","-47.36493","8502"
"Jack Boyd (Best Inc Daily Wage)","58","Wage","-341.0197","8550"
"Aaron Crane (Best Inc Daily Wage)","58","Wage","-303.6199","8991"
"Ebony Matthews (Luxury Clothes Daily Wage)","58","Wage","-130.6555","9295"
"Anthony Luoma (Best Jewelery Daily Wage)","58","Wage","-140.5834","9426"
"Penny Durocher (Best Jewelery Daily Wage)","58","Wage","-153.832","9566"
"Gladys Turner (Best Jewelery Daily Wage)","58","Wage","-216.7531","9720"
"Rose Parker (Best Websites Ever Daily Wage)","58","Wage","-288.7947","9937"
"James Williams (Best Websites Ever Daily Wage)","58","Wage","-382.8765","10226"
"Krista Mobley (Best Websites Ever Daily Wage)","58","Wage","-96.28667","10608"
"Elizabeth Green (Best Websites Ever Daily Wage)","58","Wage","-419.3315","10705"
"Monica Olivas (Best Websites Ever Daily Wage)","58","Wage","-396.2682","11124"
"Rhonda Perry (Best Websites Ever Daily Wage)","58","Wage","-95.46046","11520"
"Tyrone Bethel (Best Websites Ever Daily Wage)","58","Wage","-72.79626","11616"
"Pauline Dickert (Luxury Clothes Daily Wage)","58","Wage","-142.7686","11689"
"Domenic Bohman (Luxury Clothes Daily Wage)","58","Wage","-148.0763","11831"
"Amy Glover (Best Websites Ever Daily Wage)","58","Wage","-406.6008","11979"
"Ruth Teeple (Best Websites Ever Daily Wage)","58","Wage","-112.2731","12386"
"Epifania Gibson (Best Websites Ever Daily Wage)","58","Wage","-82.8979","12498"
"Christopher Clemons (Best Websites Ever Daily Wage)","58","Wage","-320.0483","12581"
"Purchase from IKA BOHAG","58","Item Purchase","-2660","12901"
"Marketing campaigns for Luxury Clothes","58","Marketing","-500","15561"
"Marketing campaigns for Best Jewelery","58","Marketing","-500","16061"
"Marketing campaigns for Best Websites Ever","58","Marketing","-2500","16561"
"Best Jewelery delivery from NY Distro Inc","58","Delivery Contract","-8985.268","19061"
"6 5th Avenue Rent","58","Rent","-25","22867"
"51 2nd Street Rent","58","Rent","-55","22892"
"82 1st Street Rent","58","Rent","-24","20347"
"5 5th Avenue Rent","58","Rent","-70","20371"
"9 5th Avenue Rent","58","Rent","-65","14488"
"Aaron Crane training costs","58","HR Training","-48.28559","14890"
"Luxury Clothes Revenue","57","Revenue","5180","28047"
"Best Jewelery Revenue","57","Revenue","2600","22947"
"Best Websites Ever Revenue","57","Revenue","5952.4","20441"
"Jack Boyd (Best Inc Daily Wage)","57","Wage","-337.3105","14553"
"Aaron Crane (Best Inc Daily Wage)","57","Wage","-303.6199","14939"
"Ebony Matthews (Luxury Clothes Daily Wage)","57","Wage","-130.6555","15242"
"Anthony Luoma (Best Jewelery Daily Wage)","57","Wage","-140.5834","15373"
"Penny Durocher (Best Jewelery Daily Wage)","57","Wage","-153.832","15514"
"Gladys Turner (Best Jewelery Daily Wage)","57","Wage","-216.7531","15667"
"Rose Parker (Best Websites Ever Daily Wage)","57","Wage","-288.7947","15884"
"James Williams (Best Websites Ever Daily Wage)","57","Wage","-95.71912","16173"
"Krista Mobley (Best Websites Ever Daily Wage)","57","Wage","-96.28667","16269"
"Elizabeth Green (Best Websites Ever Daily Wage)","57","Wage","-419.3315","16365"
"Monica Olivas (Best Websites Ever Daily Wage)","57","Wage","-396.2682","16784"
"Rhonda Perry (Best Websites Ever Daily Wage)","57","Wage","-95.46046","17181"
"Tyrone Bethel (Best Websites Ever Daily Wage)","57","Wage","-72.79626","17276"
"Pauline Dickert (Luxury Clothes Daily Wage)","57","Wage","-142.7686","17349"
"Domenic Bohman (Luxury Clothes Daily Wage)","57","Wage","-148.0763","17492"
"Amy Glover (Best Websites Ever Daily Wage)","57","Wage","-406.6008","17640"
"Epifania Gibson (Best Websites Ever Daily Wage)","57","Wage","-82.8979","18046"
"Johnny Sample (Best Websites Ever Daily Wage)","57","Wage","-311.7103","18129"
"Purchase from Manhattan Gas","57","Item Purchase","-1250","18441"
"NY AutoTow Service","57","Auto Tow Service","-500","19691"
"Marketing campaigns for Luxury Clothes","57","Marketing","-500","20191"
"Marketing campaigns for Best Jewelery","57","Marketing","-500","20691"
"Marketing campaigns for Best Websites Ever","57","Marketing","-2500","21191"
"6 5th Avenue Rent","57","Rent","-25","17951"
"51 2nd Street Rent","57","Rent","-55","17976"
"82 1st Street Rent","57","Rent","-24","9231"
"5 5th Avenue Rent","57","Rent","-70","9255"
"9 5th Avenue Rent","57","Rent","-65","9325"
"Aaron Crane training costs","57","HR Training","-47.67191","9390"
"Luxury Clothes Revenue","56","Revenue","5740","23691"
"Best Jewelery Revenue","56","Revenue","8800","18031"
"Anthony Luoma (Best Jewelery Daily Wage)","56","Wage","-140.5834","9438"
"Penny Durocher (Best Jewelery Daily Wage)","56","Wage","-153.832","9578"
"Gladys Turner (Best Jewelery Daily Wage)","56","Wage","-216.7531","9732"
"Pauline Dickert (Luxury Clothes Daily Wage)","56","Wage","-142.7686","9949"
"Domenic Bohman (Luxury Clothes Daily Wage)","56","Wage","-148.0763","10092"
"Purchase from NY Distro Inc","56","Item Purchase","-3950.119","10240"
"Marketing campaigns for Luxury Clothes","56","Marketing","-500","14190"
"Marketing campaigns for Best Jewelery","56","Marketing","-500","14690"
"Marketing campaigns for Best Websites Ever","56","Marketing","-2500","15190"
"6 5th Avenue Rent","56","Rent","-25","13490"
"51 2nd Street Rent","56","Rent","-55","13515"
"82 1st Street Rent","56","Rent","-24","5170"
"5 5th Avenue Rent","56","Rent","-70","5194"
"9 5th Avenue Rent","56","Rent","-65","5264"
"Aaron Crane training costs","56","HR Training","-47.064","5329"
"Luxury Clothes Revenue","55","Revenue","4200","17690"
"Best Jewelery Revenue","55","Revenue","8400","13570"
"Anthony Luoma (Best Jewelery Daily Wage)","55","Wage","-140.5834","5376"
"Penny Durocher (Best Jewelery Daily Wage)","55","Wage","-153.832","5516"
"Gladys Turner (Best Jewelery Daily Wage)","55","Wage","-216.7531","5670"
"Pauline Dickert (Luxury Clothes Daily Wage)","55","Wage","-142.7686","5887"
"Domenic Bohman (Luxury Clothes Daily Wage)","55","Wage","-148.0763","6030"
"Purchase from NY Distro Inc","55","Item Purchase","-4456.149","6178"
"5 5th Avenue delivery from Mr. Scott's Office Supplies","55","Delivery Contract","-2065","10634"
"Marketing campaigns for Luxury Clothes","55","Marketing","-500","12699"
"Marketing campaigns for Best Jewelery","55","Marketing","-500","13199"
"Marketing campaigns for Best Websites Ever","55","Marketing","-2500","13699"
"6 5th Avenue Rent","55","Rent","-25","13119"
"51 2nd Street Rent","55","Rent","-55","13144"
"82 1st Street Rent","55","Rent","-24","3599"
"5 5th Avenue Rent","55","Rent","-70","3623"
"9 5th Avenue Rent","55","Rent","-65","-1354"
"Aaron Crane training costs","55","HR Training","-46.428","-960"
"Luxury Clothes Revenue","54","Revenue","3080","16199"
"Best Jewelery Revenue","54","Revenue","9600","13199"
"Best Websites Ever Revenue","54","Revenue","5046.6","3693"
"Jack Boyd (Best Inc Daily Wage)","54","Wage","-328.3333","-1289"
"Aaron Crane (Best Inc Daily Wage)","54","Wage","-303.6199","-914"
"Ebony Matthews (Luxury Clothes Daily Wage)","54","Wage","-87.10367","-610"
"Anthony Luoma (Best Jewelery Daily Wage)","54","Wage","-160.6667","-523"
"Penny Durocher (Best Jewelery Daily Wage)","54","Wage","-276.8976","-363"
"Gladys Turner (Best Jewelery Daily Wage)","54","Wage","-92.89419","-86"
"Rose Parker (Best Websites Ever Daily Wage)","54","Wage","-72.19868","7"
"James Williams (Best Websites Ever Daily Wage)","54","Wage","-95.71912","79"
"Elizabeth Green (Best Websites Ever Daily Wage)","54","Wage","-104.8329","175"
"Monica Olivas (Best Websites Ever Daily Wage)","54","Wage","-99.06705","280"
"Rhonda Perry (Best Websites Ever Daily Wage)","54","Wage","-381.8419","379"
"Tyrone Bethel (Best Websites Ever Daily Wage)","54","Wage","-291.185","761"
"Pauline Dickert (Luxury Clothes Daily Wage)","54","Wage","-142.7686","1052"
"Domenic Bohman (Luxury Clothes Daily Wage)","54","Wage","-148.0763","1195"
"Amy Glover (Best Websites Ever Daily Wage)","54","Wage","-101.6502","1343"
"Ruth Teeple (Best Websites Ever Daily Wage)","54","Wage","-449.0923","1445"
"Epifania Gibson (Best Websites Ever Daily Wage)","54","Wage","-331.5916","1894"
"Marketing campaigns for Luxury Clothes","54","Marketing","-500","2225"
"Marketing campaigns for Best Jewelery","54","Marketing","-500","2725"
"Marketing campaigns for Best Websites Ever","54","Marketing","-2500","3225"
"Best Jewelery delivery from NY Distro Inc","54","Delivery Contract","-4024.404","5725"
"6 5th Avenue Rent","54","Rent","-25","9750"
"51 2nd Street Rent","54","Rent","-55","9775"
"82 1st Street Rent","54","Rent","-24","5030"
"5 5th Avenue Rent","54","Rent","-70","5054"
"9 5th Avenue Rent","54","Rent","-65","-1734"
"Aaron Crane training costs","54","HR Training","-45.792","-1669"
"Best Jewelery Revenue","53","Revenue","4800","9830"
"Best Websites Ever Revenue","53","Revenue","6858.2","5124"
"Aaron Crane (Best Inc Daily Wage)","53","Wage","-303.6199","-1624"
"Ebony Matthews (Best Jewelery Daily Wage)","53","Wage","-87.10367","-1320"
"Anthony Luoma (Best Jewelery Daily Wage)","53","Wage","-140.5834","-1233"
"Penny Durocher (Best Jewelery Daily Wage)","53","Wage","-215.3648","-1092"
"Replacement for Gladys Turner (Best Jewelery Wage)","53","Replacement Wage","-270.9414","-877"
"Rose Parker (Best Websites Ever Daily Wage)","53","Wage","-288.7947","-606"
"James Williams (Best Websites Ever Daily Wage)","53","Wage","-95.71912","-317"
"Krista Mobley (Best Websites Ever Daily Wage)","53","Wage","-385.1467","-222"
"Elizabeth Green (Best Websites Ever Daily Wage)","53","Wage","-419.3315","164"
"Monica Olivas (Best Websites Ever Daily Wage)","53","Wage","-99.06705","583"
"Rhonda Perry (Best Websites Ever Daily Wage)","53","Wage","-95.46046","682"
"Tyrone Bethel (Best Websites Ever Daily Wage)","53","Wage","-291.185","777"
"Pauline Dickert (Luxury Clothes Daily Wage)","53","Wage","-142.7686","1069"
"Domenic Bohman (Luxury Clothes Daily Wage)","53","Wage","-148.0763","1211"
"Amy Glover (Best Websites Ever Daily Wage)","53","Wage","-101.6502","1359"
"Ruth Teeple (Best Websites Ever Daily Wage)","53","Wage","-449.0923","1461"
"Epifania Gibson (Best Websites Ever Daily Wage)","53","Wage","-331.5916","1910"
"Johnny Sample (Best Websites Ever Daily Wage)","53","Wage","-77.92757","2242"
"5 5th Avenue delivery from Essentials Appliances","53","Delivery Contract","-7650","2320"
"51 2nd Street Rent","53","Rent","-55","9970"
"51 2nd Street Deposit","53","Deposit","-2625","10025"
"Marketing campaigns for Luxury Clothes","53","Marketing","-500","12650"
"Marketing campaigns for Best Jewelery","53","Marketing","-500","13150"
"Marketing campaigns for Best Websites Ever","53","Marketing","-2500","13650"
"Luxury Clothes delivery from NY Distro Inc","53","Delivery Contract","-8655.828","16150"
"6 5th Avenue Rent","53","Rent","-25","24406"
"82 1st Street Rent","53","Rent","-24","17631"
"5 5th Avenue Rent","53","Rent","-70","17655"
"9 5th Avenue Rent","53","Rent","-65","11125"
"Aaron Crane training costs","53","HR Training","-905.2054","11190"
"Luxury Clothes Revenue","52","Revenue","400","24806"
"Best Jewelery Revenue","52","Revenue","6800","24431"
"Best Websites Ever Revenue","52","Revenue","6599.4","17725"
"Ebony Matthews (Best Jewelery Daily Wage)","52","Wage","-86.83312","12095"
"Anthony Luoma (Best Jewelery Daily Wage)","52","Wage","-139.9564","12182"
"Penny Durocher (Best Jewelery Daily Wage)","52","Wage","-230.1715","12322"
"Gladys Turner (Best Jewelery Daily Wage)","52","Wage","-231.8047","12552"
"Rose Parker (Best Websites Ever Daily Wage)","52","Wage","-287.1466","12784"
"Krista Mobley (Best Websites Ever Daily Wage)","52","Wage","-399.3773","13071"
"Elizabeth Green (Best Websites Ever Daily Wage)","52","Wage","-434.4096","13471"
"Rhonda Perry (Best Websites Ever Daily Wage)","52","Wage","-99.11804","13905"
"Tyrone Bethel (Best Websites Ever Daily Wage)","52","Wage","-72.36366","14004"
"Pauline Dickert (Luxury Clothes Daily Wage)","52","Wage","-142.7686","14077"
"Domenic Bohman (Luxury Clothes Daily Wage)","52","Wage","-146.1143","14219"
"Amy Glover (Best Websites Ever Daily Wage)","52","Wage","-419.776","14365"
"Ruth Teeple (Best Websites Ever Daily Wage)","52","Wage","-449.0923","14785"
"Epifania Gibson (Best Websites Ever Daily Wage)","52","Wage","-82.22701","15234"
"Christopher Clemons (Best Websites Ever Daily Wage)","52","Wage","-317.8492","15317"
"Johnny Sample (Best Websites Ever Daily Wage)","52","Wage","-77.417","15634"
"Recruitment Campaign","52","Recruitment Campaign","-1500","15712"
"Marketing campaigns for Luxury Clothes","52","Marketing","-500","17212"
"Marketing campaigns for Best Jewelery","52","Marketing","-500","17712"
"Marketing campaigns for Best Websites Ever","52","Marketing","-2500","18212"
"6 5th Avenue Rent","52","Rent","-25","20312"
"82 1st Street Rent","52","Rent","-24","12937"
"5 5th Avenue Rent","52","Rent","-70","12961"
"9 5th Avenue Rent","52","Rent","-65","5396"
"Luxury Clothes Revenue","51","Revenue","400","20712"
"Best Jewelery Revenue","51","Revenue","7400","20337"
"Best Websites Ever Revenue","51","Revenue","7634.6","13031"
"Ebony Matthews (Best Jewelery Daily Wage)","51","Wage","-86.83312","5461"
"Anthony Luoma (Best Jewelery Daily Wage)","51","Wage","-139.9564","5548"
"Penny Durocher (Best Jewelery Daily Wage)","51","Wage","-230.1715","5688"
"Gladys Turner (Best Jewelery Daily Wage)","51","Wage","-231.8047","5918"
"Rose Parker (Best Websites Ever Daily Wage)","51","Wage","-287.1466","6150"
"James Williams (Best Websites Ever Daily Wage)","51","Wage","-396.4722","6437"
"Krista Mobley (Best Websites Ever Daily Wage)","51","Wage","-349.4551","6834"
"Elizabeth Green (Best Websites Ever Daily Wage)","51","Wage","-434.4096","7183"
"Monica Olivas (Best Websites Ever Daily Wage)","51","Wage","-256.8878","7617"
"Rhonda Perry (Best Websites Ever Daily Wage)","51","Wage","-99.11804","7874"
"Tyrone Bethel (Best Websites Ever Daily Wage)","51","Wage","-253.2728","7973"
"Pauline Dickert (Luxury Clothes Daily Wage)","51","Wage","-142.7686","8227"
"Domenic Bohman (Luxury Clothes Daily Wage)","51","Wage","-146.1143","8369"
"Amy Glover (Best Websites Ever Daily Wage)","51","Wage","-419.776","8516"
"Ruth Teeple (Best Websites Ever Daily Wage)","51","Wage","-392.9557","8935"
"Epifania Gibson (Best Websites Ever Daily Wage)","51","Wage","-287.7945","9328"
"Christopher Clemons (Best Websites Ever Daily Wage)","51","Wage","-317.8492","9616"
"Johnny Sample (Best Websites Ever Daily Wage)","51","Wage","-116.1255","9934"
"HRManager training for Aaron Crane","51","Employee Training","-250","10050"
"Purchase from IKA BOHAG","51","Item Purchase","-2660","10300"
"Purchase from NY Distro Inc","51","Item Purchase","-8889.053","12960"
"Marketing campaigns for Luxury Clothes","51","Marketing","-500","21849"
"Marketing campaigns for Best Jewelery","51","Marketing","-500","22349"
"Marketing campaigns for Best Websites Ever","51","Marketing","-2500","22849"
"6 5th Avenue Rent","51","Rent","-25","23499"
"82 1st Street Rent","51","Rent","-24","17324"
"5 5th Avenue Rent","51","Rent","-70","17348"
"9 5th Avenue Rent","51","Rent","-65","9007"
"Luxury Clothes Revenue","50","Revenue","1850","25349"
"Best Jewelery Revenue","50","Revenue","6200","23524"
"Best Websites Ever Revenue","50","Revenue","8411","17418"
"Ebony Matthews (Best Jewelery Daily Wage)","50","Wage","-86.83312","9072"
"Anthony Luoma (Best Jewelery Daily Wage)","50","Wage","-139.9564","9159"
"Penny Durocher (Best Jewelery Daily Wage)","50","Wage","-230.1715","9299"
"Gladys Turner (Best Jewelery Daily Wage)","50","Wage","-231.8047","9529"
"Rose Parker (Best Websites Ever Daily Wage)","50","Wage","-358.9332","9761"
"James Williams (Best Websites Ever Daily Wage)","50","Wage","-495.5902","10120"
"Krista Mobley (Best Websites Ever Daily Wage)","50","Wage","-249.6108","10615"
"Monica Olivas (Best Websites Ever Daily Wage)","50","Wage","-308.2654","10865"
"Tyrone Bethel (Best Websites Ever Daily Wage)","50","Wage","-289.4546","11173"
"Pauline Dickert (Luxury Clothes Daily Wage)","50","Wage","-142.7686","11463"
"Domenic Bohman (Luxury Clothes Daily Wage)","50","Wage","-146.1143","11606"
"Amy Glover (Best Websites Ever Daily Wage)","50","Wage","-524.72","11752"
"Ruth Teeple (Best Websites Ever Daily Wage)","50","Wage","-336.8192","12276"
"Epifania Gibson (Best Websites Ever Daily Wage)","50","Wage","-411.135","12613"
"Christopher Clemons (Best Websites Ever Daily Wage)","50","Wage","-238.3869","13024"
"Johnny Sample (Best Websites Ever Daily Wage)","50","Wage","-232.251","13263"
"Recruitment Campaign","50","Recruitment Campaign","-500","13495"
"Marketing campaigns for Luxury Clothes","50","Marketing","-500","13995"
"Marketing campaigns for Best Jewelery","50","Marketing","-500","14495"
"Marketing campaigns for Best Websites Ever","50","Marketing","-2500","14995"
"6 5th Avenue Rent","50","Rent","-25","16295"
"82 1st Street Rent","50","Rent","-24","12720"
"5 5th Avenue Rent","50","Rent","-70","12744"
"9 5th Avenue Rent","50","Rent","-65","12814"
"Luxury Clothes Revenue","49","Revenue","1200","17495"
"Best Jewelery Revenue","49","Revenue","3600","16320"
"Ebony Matthews (Best Jewelery Daily Wage)","49","Wage","-86.83312","12879"
"Anthony Luoma (Best Jewelery Daily Wage)","49","Wage","-139.9564","12966"
"Gladys Turner (Best Jewelery Daily Wage)","49","Wage","-231.8047","13106"
"Pauline Dickert (Luxury Clothes Daily Wage)","49","Wage","-142.7686","13338"
"Domenic Bohman (Luxury Clothes Daily Wage)","49","Wage","-146.1143","13480"
"5 5th Avenue Rent","49","Rent","-70","13626"
"5 5th Avenue Deposit","49","Deposit","-2700","13696"
"Marketing campaigns for Luxury Clothes","49","Marketing","-500","16396"
"Marketing campaigns for Best Jewelery","49","Marketing","-500","16896"
"Marketing campaigns for Best Websites Ever","49","Marketing","-2500","17396"
"6 5th Avenue Rent","49","Rent","-25","19496"
"82 1st Street Rent","49","Rent","-24","9921"
"9 5th Avenue Rent","49","Rent","-65","9945"
"Luxury Clothes Revenue","48","Revenue","400","19896"
"Best Jewelery Revenue","48","Revenue","9600","19521"
"Ebony Matthews (Best Jewelery Daily Wage)","48","Wage","-86.83312","10010"
"Anthony Luoma (Best Jewelery Daily Wage)","48","Wage","-139.9564","10097"
"Penny Durocher (Best Jewelery Daily Wage)","48","Wage","-230.1715","10237"
"Gladys Turner (Best Jewelery Daily Wage)","48","Wage","-231.8047","10467"
"Pauline Dickert (Luxury Clothes Daily Wage)","48","Wage","-142.7686","10699"
"Domenic Bohman (Luxury Clothes Daily Wage)","48","Wage","-146.1143","10842"
"Marketing campaigns for Luxury Clothes","48","Marketing","-500","10988"
"Marketing campaigns for Best Jewelery","48","Marketing","-500","11488"
"Marketing campaigns for Best Websites Ever","48","Marketing","-2500","11988"
"Best Jewelery delivery from NY Distro Inc","48","Delivery Contract","-9283.069","14488"
"6 5th Avenue Rent","48","Rent","-25","22971"
"82 1st Street Rent","48","Rent","-24","22996"
"9 5th Avenue Rent","48","Rent","-65","13574"
"Luxury Clothes Revenue","47","Revenue","800","23771"
"Best Websites Ever Revenue","47","Revenue","9446.199","23020"
"Ebony Matthews (Best Jewelery Daily Wage)","47","Wage","-86.83312","13639"
"Anthony Luoma (Best Jewelery Daily Wage)","47","Wage","-139.9564","13726"
"Penny Durocher (Best Jewelery Daily Wage)","47","Wage","-230.1715","13866"
"Gladys Turner (Best Jewelery Daily Wage)","47","Wage","-231.8047","14096"
"Rose Parker (Best Websites Ever Daily Wage)","47","Wage","-358.9332","14328"
"James Williams (Best Websites Ever Daily Wage)","47","Wage","-495.5902","14687"
"Elizabeth Green (Best Websites Ever Daily Wage)","47","Wage","-543.012","15182"
"Monica Olivas (Best Websites Ever Daily Wage)","47","Wage","-308.2654","15725"
"Rhonda Perry (Best Websites Ever Daily Wage)","47","Wage","-247.7951","16034"
"Tyrone Bethel (Best Websites Ever Daily Wage)","47","Wage","-289.4546","16281"
"Pauline Dickert (Luxury Clothes Daily Wage)","47","Wage","-142.7686","16571"
"Domenic Bohman (Luxury Clothes Daily Wage)","47","Wage","-146.1143","16714"
"Amy Glover (Best Websites Ever Daily Wage)","47","Wage","-524.72","16860"
"Ruth Teeple (Best Websites Ever Daily Wage)","47","Wage","-336.8192","17384"
"Epifania Gibson (Best Websites Ever Daily Wage)","47","Wage","-411.135","17721"
"Christopher Clemons (Best Websites Ever Daily Wage)","47","Wage","-238.3869","18132"
"Johnny Sample (Best Websites Ever Daily Wage)","47","Wage","-232.251","18371"
"Marketing campaigns for Luxury Clothes","47","Marketing","-500","18603"
"Marketing campaigns for Best Jewelery","47","Marketing","-500","19103"
"Marketing campaigns for Best Websites Ever","47","Marketing","-2500","19603"
"6 5th Avenue Rent","47","Rent","-25","21453"
"82 1st Street Rent","47","Rent","-24","15278"
"9 5th Avenue Rent","47","Rent","-65","5597"
"Luxury Clothes Revenue","46","Revenue","650","22103"
"Best Jewelery Revenue","46","Revenue","6200","21478"
"Best Websites Ever Revenue","46","Revenue","9705","15302"
"Anthony Luoma (Best Jewelery Daily Wage)","46","Wage","-139.9564","5662"
"Penny Durocher (Best Jewelery Daily Wage)","46","Wage","-230.1715","5802"
"Gladys Turner (Best Jewelery Daily Wage)","46","Wage","-231.8047","6032"
"Rose Parker (Best Websites Ever Daily Wage)","46","Wage","-358.9332","6264"
"James Williams (Best Websites Ever Daily Wage)","46","Wage","-495.5902","6623"
"Krista Mobley (Best Websites Ever Daily Wage)","46","Wage","-249.6108","7118"
"Elizabeth Green (Best Websites Ever Daily Wage)","46","Wage","-543.012","7368"
"Monica Olivas (Best Websites Ever Daily Wage)","46","Wage","-308.2654","7911"
"Rhonda Perry (Best Websites Ever Daily Wage)","46","Wage","-247.7951","8219"
"Tyrone Bethel (Best Websites Ever Daily Wage)","46","Wage","-289.4546","8467"
"Pauline Dickert (Luxury Clothes Daily Wage)","46","Wage","-142.7686","8757"
"Domenic Bohman (Luxury Clothes Daily Wage)","46","Wage","-146.1143","8899"
"Amy Glover (Best Websites Ever Daily Wage)","46","Wage","-524.72","9045"
"Ruth Teeple (Best Websites Ever Daily Wage)","46","Wage","-336.8192","9570"
"Epifania Gibson (Best Websites Ever Daily Wage)","46","Wage","-411.135","9907"
"Christopher Clemons (Best Websites Ever Daily Wage)","46","Wage","-238.3869","10318"
"Johnny Sample (Best Websites Ever Daily Wage)","46","Wage","-232.251","10557"
"Marketing campaigns for Luxury Clothes","46","Marketing","-500","10789"
"Marketing campaigns for Best Jewelery","46","Marketing","-500","11289"
"Marketing campaigns for Best Websites Ever","46","Marketing","-2500","11789"
"Luxury Clothes delivery from NY Distro Inc","46","Delivery Contract","-4811.638","14289"
"6 5th Avenue Rent","46","Rent","-25","19100"
"82 1st Street Rent","46","Rent","-24","11525"
"9 5th Avenue Rent","46","Rent","-65","1586"
"Best Jewelery Revenue","45","Revenue","7600","19125"
"Best Websites Ever Revenue","45","Revenue","9963.8","11549"
"Anthony Luoma (Best Jewelery Daily Wage)","45","Wage","-139.9564","1651"
"Penny Durocher (Best Jewelery Daily Wage)","45","Wage","-230.1715","1791"
"Gladys Turner (Best Jewelery Daily Wage)","45","Wage","-231.8047","2021"
"Rose Parker (Best Websites Ever Daily Wage)","45","Wage","-358.9332","2253"
"James Williams (Best Websites Ever Daily Wage)","45","Wage","-495.5902","2611"
"Krista Mobley (Best Websites Ever Daily Wage)","45","Wage","-249.6108","3107"
"Elizabeth Green (Best Websites Ever Daily Wage)","45","Wage","-543.012","3357"
"Monica Olivas (Best Websites Ever Daily Wage)","45","Wage","-308.2654","3900"
"Rhonda Perry (Best Websites Ever Daily Wage)","45","Wage","-247.7951","4208"
"Tyrone Bethel (Best Websites Ever Daily Wage)","45","Wage","-289.4546","4456"
"Pauline Dickert (Luxury Clothes Daily Wage)","45","Wage","-142.7686","4745"
"Domenic Bohman (Luxury Clothes Daily Wage)","45","Wage","-146.1143","4888"
"Amy Glover (Best Websites Ever Daily Wage)","45","Wage","-524.72","5034"
"Ruth Teeple (Best Websites Ever Daily Wage)","45","Wage","-336.8192","5559"
"Epifania Gibson (Best Websites Ever Daily Wage)","45","Wage","-411.135","5896"
"Christopher Clemons (Best Websites Ever Daily Wage)","45","Wage","-238.3869","6307"
"Johnny Sample (Best Websites Ever Daily Wage)","45","Wage","-232.251","6545"
"Purchase from NY Distro Inc","45","Item Purchase","-4099.596","6777"
"Marketing campaigns for Luxury Clothes","45","Marketing","-500","10877"
"Marketing campaigns for Best Jewelery","45","Marketing","-500","11377"
"Marketing campaigns for Best Websites Ever","45","Marketing","-2500","11877"
"6 5th Avenue Rent","45","Rent","-25","10667"
"82 1st Street Rent","45","Rent","-24","4692"
"9 5th Avenue Rent","45","Rent","-65","-4730"
"Luxury Clothes Revenue","44","Revenue","3710","14377"
"Best Jewelery Revenue","44","Revenue","6000","10692"
"Best Websites Ever Revenue","44","Revenue","9446.199","4716"
"Public parking for Honza Mimic","44","Public Parking","-5","-4665"
"Penny Durocher (Best Jewelery Daily Wage)","44","Wage","-230.1715","-4660"
"Gladys Turner (Best Jewelery Daily Wage)","44","Wage","-231.8047","-4430"
"Rose Parker (Best Websites Ever Daily Wage)","44","Wage","-358.9332","-4198"
"James Williams (Best Websites Ever Daily Wage)","44","Wage","-495.5902","-3839"
"Krista Mobley (Best Websites Ever Daily Wage)","44","Wage","-249.6108","-3344"
"Elizabeth Green (Best Websites Ever Daily Wage)","44","Wage","-543.012","-3094"
"Rhonda Perry (Best Websites Ever Daily Wage)","44","Wage","-247.7951","-2551"
"Tyrone Bethel (Best Websites Ever Daily Wage)","44","Wage","-289.4546","-2303"
"Pauline Dickert (Luxury Clothes Daily Wage)","44","Wage","-142.7686","-2014"
"Domenic Bohman (Luxury Clothes Daily Wage)","44","Wage","-146.1143","-1871"
"Amy Glover (Best Websites Ever Daily Wage)","44","Wage","-524.72","-1725"
"Ruth Teeple (Best Websites Ever Daily Wage)","44","Wage","-336.8192","-1200"
"Epifania Gibson (Best Websites Ever Daily Wage)","44","Wage","-411.135","-863"
"Christopher Clemons (Best Websites Ever Daily Wage)","44","Wage","-238.3869","-452"
"Johnny Sample (Best Websites Ever Daily Wage)","44","Wage","-232.251","-214"
"Purchase from Essentials Appliances","44","Item Purchase","-2000","18"
"Purchase from AJ Pederson & Son","44","Item Purchase","-1200","2018"
"Purchase from Manhattan Gas","44","Item Purchase","-1250","3218"
"NY AutoTow Service","44","Auto Tow Service","-500","4468"
"Purchase from NY Distro Inc","44","Item Purchase","-4530.001","4968"
"Marketing campaigns for Luxury Clothes","44","Marketing","-500","9498"
"Marketing campaigns for Best Jewelery","44","Marketing","-500","9998"
"Marketing campaigns for Best Websites Ever","44","Marketing","-2500","10498"
"6 5th Avenue Rent","44","Rent","-25","10772"
"82 1st Street Rent","44","Rent","-24","8397"
"9 5th Avenue Rent","44","Rent","-65","-1413"
"Luxury Clothes Revenue","43","Revenue","2226","12998"
"Best Jewelery Revenue","43","Revenue","2400","10797"
"Best Websites Ever Revenue","43","Revenue","9834.399","8421"
"Penny Durocher (Best Jewelery Daily Wage)","43","Wage","-230.1715","-1348"
"Gladys Turner (Best Jewelery Daily Wage)","43","Wage","-231.8047","-1118"
"Rose Parker (Best Websites Ever Daily Wage)","43","Wage","-251.2533","-886"
"James Williams (Best Websites Ever Daily Wage)","43","Wage","-495.5902","-635"
"Krista Mobley (Best Websites Ever Daily Wage)","43","Wage","-99.84433","-139"
"Elizabeth Green (Best Websites Ever Daily Wage)","43","Wage","-543.012","-39"
"Monica Olivas (Best Websites Ever Daily Wage)","43","Wage","-205.5103","504"
"Rhonda Perry (Best Websites Ever Daily Wage)","43","Wage","-247.7951","709"
"Tyrone Bethel (Best Websites Ever Daily Wage)","43","Wage","-180.9091","957"
"Domenic Bohman (Luxury Clothes Daily Wage)","43","Wage","-146.1143","1138"
"Amy Glover (Best Websites Ever Daily Wage)","43","Wage","-524.72","1284"
"Ruth Teeple (Best Websites Ever Daily Wage)","43","Wage","-336.8192","1809"
"Epifania Gibson (Best Websites Ever Daily Wage)","43","Wage","-411.135","2146"
"Christopher Clemons (Best Websites Ever Daily Wage)","43","Wage","-119.1934","2557"
"Johnny Sample (Best Websites Ever Daily Wage)","43","Wage","-309.668","2676"
"Recruitment Campaign","43","Recruitment Campaign","-1000","2986"
"Interior Designer","43","Interior Designer","-4140.91","3986"
"Purchase from AJ Pederson & Son","43","Item Purchase","-100","8126"
"9 5th Avenue delivery from IKA BOHAG","43","Delivery Contract","-5570","8226"
"Marketing campaigns for Luxury Clothes","43","Marketing","-500","13796"
"Marketing campaigns for Best Jewelery","43","Marketing","-500","14296"
"Marketing campaigns for Best Websites Ever","43","Marketing","-2500","14796"
"6 5th Avenue Rent","43","Rent","-25","13586"
"82 1st Street Rent","43","Rent","-24","6731"
"9 5th Avenue Rent","43","Rent","-65","6755"
"Luxury Clothes Revenue","42","Revenue","3710","17296"
"Best Jewelery Revenue","42","Revenue","6880","13611"
"Penny Durocher (Best Jewelery Daily Wage)","42","Wage","-230.1715","6820"
"Gladys Turner (Best Jewelery Daily Wage)","42","Wage","-231.8047","7051"
"Rose Parker (Best Websites Ever Daily Wage)","42","Wage","-35.89332","7282"
"James Williams (Best Websites Ever Daily Wage)","42","Wage","-49.55902","7318"
"Elizabeth Green (Best Websites Ever Daily Wage)","42","Wage","-54.3012","7368"
"Pauline Dickert (Luxury Clothes Daily Wage)","42","Wage","-142.7686","7422"
"Domenic Bohman (Luxury Clothes Daily Wage)","42","Wage","-146.1143","7565"
"Amy Glover (Best Websites Ever Daily Wage)","42","Wage","-52.472","7711"
"Epifania Gibson (Best Websites Ever Daily Wage)","42","Wage","-41.1135","7763"
"Johnny Sample (Best Websites Ever Daily Wage)","42","Wage","-38.7085","7805"
"Marketing campaigns for Luxury Clothes","42","Marketing","-500","7843"
"Marketing campaigns for Best Jewelery","42","Marketing","-500","8343"
"Marketing campaigns for Best Websites Ever","42","Marketing","-2500","8843"
"6 5th Avenue Rent","42","Rent","-25","7633"
"82 1st Street Rent","42","Rent","-24","458"
"9 5th Avenue Rent","42","Rent","-65","-934"
"Luxury Clothes Revenue","41","Revenue","3710","11343"
"Best Jewelery Revenue","41","Revenue","7200","7658"
"Best Websites Ever Revenue","41","Revenue","1416.8","482"
"Penny Durocher (Best Jewelery Daily Wage)","41","Wage","-230.1715","-869"
"Gladys Turner (Best Jewelery Daily Wage)","41","Wage","-231.8047","-639"
"Rose Parker (Best Websites Ever Daily Wage)","41","Wage","-251.2533","-408"
"James Williams (Best Websites Ever Daily Wage)","41","Wage","-346.9131","-156"
"Krista Mobley (Best Websites Ever Daily Wage)","41","Wage","-199.6887","191"
"Elizabeth Green (Best Websites Ever Daily Wage)","41","Wage","-380.1084","390"
"Monica Olivas (Best Websites Ever Daily Wage)","41","Wage","-205.5103","770"
"Rhonda Perry (Best Websites Ever Daily Wage)","41","Wage","-198.2361","976"
"Tyrone Bethel (Best Websites Ever Daily Wage)","41","Wage","-217.091","1174"
"Pauline Dickert (Luxury Clothes Daily Wage)","41","Wage","-142.7686","1391"
"Domenic Bohman (Luxury Clothes Daily Wage)","41","Wage","-146.1143","1534"
"Amy Glover (Best Websites Ever Daily Wage)","41","Wage","-367.304","1680"
"Ruth Teeple (Best Websites Ever Daily Wage)","41","Wage","-224.5461","2047"
"Epifania Gibson (Best Websites Ever Daily Wage)","41","Wage","-287.7945","2272"
"Christopher Clemons (Best Websites Ever Daily Wage)","41","Wage","-158.9246","2560"
"Johnny Sample (Best Websites Ever Daily Wage)","41","Wage","-154.834","2719"
"Purchase from NY Distro Inc","41","Item Purchase","-4583.658","2874"
"Purchase from NY Distro Inc","41","Item Purchase","-4583.658","7457"
"Marketing campaigns for Luxury Clothes","41","Marketing","-500","12041"
"Marketing campaigns for Best Jewelery","41","Marketing","-500","12541"
"Marketing campaigns for Best Websites Ever","41","Marketing","-2500","13041"
"6 5th Avenue Rent","41","Rent","-25","11831"
"82 1st Street Rent","41","Rent","-24","5456"
"9 5th Avenue Rent","41","Rent","-65","-2248"
"Luxury Clothes Revenue","40","Revenue","3710","15541"
"Best Jewelery Revenue","40","Revenue","6400","11856"
"Best Websites Ever Revenue","40","Revenue","7728","5480"
"Penny Durocher (Best Jewelery Daily Wage)","40","Wage","-230.1715","-2183"
"Gladys Turner (Best Jewelery Daily Wage)","40","Wage","-231.8047","-1953"
"Rose Parker (Best Websites Ever Daily Wage)","40","Wage","-251.2533","-1721"
"James Williams (Best Websites Ever Daily Wage)","40","Wage","-346.9131","-1470"
"Krista Mobley (Best Websites Ever Daily Wage)","40","Wage","-199.6887","-1123"
"Elizabeth Green (Best Websites Ever Daily Wage)","40","Wage","-380.1084","-923"
"Monica Olivas (Best Websites Ever Daily Wage)","40","Wage","-205.5103","-543"
"Rhonda Perry (Best Websites Ever Daily Wage)","40","Wage","-198.2361","-338"
"Tyrone Bethel (Best Websites Ever Daily Wage)","40","Wage","-217.091","-139"
"Pauline Dickert (Luxury Clothes Daily Wage)","40","Wage","-142.7686","78"
"Domenic Bohman (Luxury Clothes Daily Wage)","40","Wage","-146.1143","220"
"Amy Glover (Best Websites Ever Daily Wage)","40","Wage","-367.304","367"
"Ruth Teeple (Best Websites Ever Daily Wage)","40","Wage","-224.5461","734"
"Epifania Gibson (Best Websites Ever Daily Wage)","40","Wage","-287.7945","958"
"Christopher Clemons (Best Websites Ever Daily Wage)","40","Wage","-158.9246","1246"
"Johnny Sample (Best Websites Ever Daily Wage)","40","Wage","-154.834","1405"
"Marketing campaigns for Best Jewelery","40","Marketing","-500","1560"
"Purchase from NY Distro Inc","40","Item Purchase","-5165.926","2060"
"Marketing campaigns for Luxury Clothes","40","Marketing","-500","7226"
"Marketing campaigns for Best Websites Ever","40","Marketing","-2500","7726"
"6 5th Avenue Rent","40","Rent","-25","5774"
"82 1st Street Rent","40","Rent","-24","5799"
"9 5th Avenue Rent","40","Rent","-65","-1905"
"Luxury Clothes Revenue","39","Revenue","4452","10226"
"Best Websites Ever Revenue","39","Revenue","7728","5823"
"Penny Durocher (Best Jewelery Daily Wage)","39","Wage","-98.64494","-1840"
"Gladys Turner (Best Jewelery Daily Wage)","39","Wage","-231.8047","-1741"
"Rose Parker (Best Websites Ever Daily Wage)","39","Wage","-251.2533","-1510"
"James Williams (Best Websites Ever Daily Wage)","39","Wage","-346.9131","-1258"
"Krista Mobley (Best Websites Ever Daily Wage)","39","Wage","-199.6887","-911"
"Elizabeth Green (Best Websites Ever Daily Wage)","39","Wage","-380.1084","-712"
"Monica Olivas (Best Websites Ever Daily Wage)","39","Wage","-205.5103","-332"
"Rhonda Perry (Best Websites Ever Daily Wage)","39","Wage","-198.2361","-126"
"Tyrone Bethel (Best Websites Ever Daily Wage)","39","Wage","-217.091","72"
"Pauline Dickert (Luxury Clothes Daily Wage)","39","Wage","-142.7686","289"
"Domenic Bohman (Luxury Clothes Daily Wage)","39","Wage","-146.1143","432"
"Amy Glover (Best Websites Ever Daily Wage)","39","Wage","-367.304","578"
"Ruth Teeple (Best Websites Ever Daily Wage)","39","Wage","-224.5461","945"
"Epifania Gibson (Best Websites Ever Daily Wage)","39","Wage","-287.7945","1170"
"Christopher Clemons (Best Websites Ever Daily Wage)","39","Wage","-158.9246","1458"
"Johnny Sample (Best Websites Ever Daily Wage)","39","Wage","-154.834","1617"
"Purchase from AJ Pederson & Son","39","Item Purchase","-10470","1771"
"82 1st Street Rent","39","Rent","-24","12241"
"82 1st Street Deposit","39","Deposit","-840","12265"
"Marketing campaigns for Luxury Clothes","39","Marketing","-500","13105"
"Marketing campaigns for Best Websites Ever","39","Marketing","-2500","13605"
"6 5th Avenue Rent","39","Rent","-25","12395"
"9 5th Avenue Rent","39","Rent","-65","4692"
"Luxury Clothes Revenue","38","Revenue","3710","16105"
"Best Websites Ever Revenue","38","Revenue","7728","12420"
"Rose Parker (Best Websites Ever Daily Wage)","38","Wage","-251.2533","4757"
"James Williams (Best Websites Ever Daily Wage)","38","Wage","-346.9131","5009"
"Krista Mobley (Best Websites Ever Daily Wage)","38","Wage","-199.6887","5356"
"Elizabeth Green (Best Websites Ever Daily Wage)","38","Wage","-380.1084","5555"
"Monica Olivas (Best Websites Ever Daily Wage)","38","Wage","-205.5103","5935"
"Rhonda Perry (Best Websites Ever Daily Wage)","38","Wage","-198.2361","6141"
"Tyrone Bethel (Best Websites Ever Daily Wage)","38","Wage","-217.091","6339"
"Pauline Dickert (Luxury Clothes Daily Wage)","38","Wage","-142.7686","6556"
"Domenic Bohman (Luxury Clothes Daily Wage)","38","Wage","-146.1143","6699"
"Amy Glover (Best Websites Ever Daily Wage)","38","Wage","-367.304","6845"
"Ruth Teeple (Best Websites Ever Daily Wage)","38","Wage","-224.5461","7212"
"Epifania Gibson (Best Websites Ever Daily Wage)","38","Wage","-287.7945","7437"
"Christopher Clemons (Best Websites Ever Daily Wage)","38","Wage","-158.9246","7725"
"Johnny Sample (Best Websites Ever Daily Wage)","38","Wage","-154.834","7884"
"Marketing campaigns for Luxury Clothes","38","Marketing","-500","8039"
"Marketing campaigns for Best Websites Ever","38","Marketing","-2500","8539"
"6 5th Avenue Rent","38","Rent","-25","7329"
"9 5th Avenue Rent","38","Rent","-65","-374"
"Luxury Clothes Revenue","37","Revenue","3710","11039"
"Best Websites Ever Revenue","37","Revenue","7728","7354"
"Rose Parker (Best Websites Ever Daily Wage)","37","Wage","-251.2533","-309"
"James Williams (Best Websites Ever Daily Wage)","37","Wage","-346.9131","-58"
"Krista Mobley (Best Websites Ever Daily Wage)","37","Wage","-199.6887","289"
"Elizabeth Green (Best Websites Ever Daily Wage)","37","Wage","-380.1084","488"
"Monica Olivas (Best Websites Ever Daily Wage)","37","Wage","-205.5103","868"
"Rhonda Perry (Best Websites Ever Daily Wage)","37","Wage","-198.2361","1074"
"Tyrone Bethel (Best Websites Ever Daily Wage)","37","Wage","-217.091","1272"
"Pauline Dickert (Luxury Clothes Daily Wage)","37","Wage","-142.7686","1489"
"Domenic Bohman (Luxury Clothes Daily Wage)","37","Wage","-146.1143","1632"
"Amy Glover (Best Websites Ever Daily Wage)","37","Wage","-367.304","1778"
"Ruth Teeple (Best Websites Ever Daily Wage)","37","Wage","-224.5461","2145"
"Epifania Gibson (Best Websites Ever Daily Wage)","37","Wage","-287.7945","2370"
"Christopher Clemons (Best Websites Ever Daily Wage)","37","Wage","-158.9246","2658"
"Johnny Sample (Best Websites Ever Daily Wage)","37","Wage","-154.834","2817"
"Marketing campaigns for Luxury Clothes","37","Marketing","-500","2972"
"Marketing campaigns for Luxury Clothes","37","Marketing","-2500","3472"
"Marketing campaigns for Luxury Clothes","37","Marketing","-100","5972"
"Marketing campaigns for Best Websites Ever","37","Marketing","-2500","6072"
"Luxury Clothes delivery from NY Distro Inc","37","Delivery Contract","-8683.521","8572"
"6 5th Avenue Rent","37","Rent","-25","13545"
"9 5th Avenue Rent","37","Rent","-65","5841"
"Luxury Clothes Revenue","36","Revenue","3710","17255"
"Best Websites Ever Revenue","36","Revenue","7728.7","13570"
"Rose Parker (Best Websites Ever Daily Wage)","36","Wage","-251.2533","5906"
"James Williams (Best Websites Ever Daily Wage)","36","Wage","-346.9131","6158"
"Krista Mobley (Best Websites Ever Daily Wage)","36","Wage","-199.6887","6505"
"Elizabeth Green (Best Websites Ever Daily Wage)","36","Wage","-380.1084","6704"
"Monica Olivas (Best Websites Ever Daily Wage)","36","Wage","-205.5103","7084"
"Rhonda Perry (Best Websites Ever Daily Wage)","36","Wage","-198.2361","7290"
"Tyrone Bethel (Best Websites Ever Daily Wage)","36","Wage","-217.091","7488"
"Pauline Dickert (Luxury Clothes Daily Wage)","36","Wage","-142.7686","7705"
"Domenic Bohman (Luxury Clothes Daily Wage)","36","Wage","-146.1143","7848"
"Amy Glover (Best Websites Ever Daily Wage)","36","Wage","-367.304","7994"
"Ruth Teeple (Best Websites Ever Daily Wage)","36","Wage","-224.5461","8361"
"Epifania Gibson (Best Websites Ever Daily Wage)","36","Wage","-287.7945","8586"
"Christopher Clemons (Best Websites Ever Daily Wage)","36","Wage","-158.9246","8874"
"Johnny Sample (Best Websites Ever Daily Wage)","36","Wage","-154.834","9033"
"Marketing campaigns for Best Websites Ever","36","Marketing","-2500","9188"
"Marketing campaigns for Luxury Clothes","36","Marketing","-100","11688"
"Marketing campaigns for Best Websites Ever","36","Marketing","-500","11788"
"6 5th Avenue Rent","36","Rent","-25","8578"
"9 5th Avenue Rent","36","Rent","-65","7185"
"Luxury Clothes Revenue","35","Revenue","3710","12288"
"Best Websites Ever Revenue","35","Revenue","1417.9","8603"
"Rose Parker (Best Websites Ever Daily Wage)","35","Wage","-251.2533","7250"
"James Williams (Best Websites Ever Daily Wage)","35","Wage","-346.9131","7501"
"Krista Mobley (Best Websites Ever Daily Wage)","35","Wage","-199.6887","7848"
"Elizabeth Green (Best Websites Ever Daily Wage)","35","Wage","-380.1084","8047"
"Monica Olivas (Best Websites Ever Daily Wage)","35","Wage","-205.5103","8428"
"Rhonda Perry (Best Websites Ever Daily Wage)","35","Wage","-198.2361","8633"
"Tyrone Bethel (Best Websites Ever Daily Wage)","35","Wage","-217.091","8831"
"Pauline Dickert (Luxury Clothes Daily Wage)","35","Wage","-142.7686","9048"
"Domenic Bohman (Luxury Clothes Daily Wage)","35","Wage","-146.1143","9191"
"Amy Glover (Best Websites Ever Daily Wage)","35","Wage","-367.304","9337"
"Ruth Teeple (Best Websites Ever Daily Wage)","35","Wage","-224.5461","9705"
"Epifania Gibson (Best Websites Ever Daily Wage)","35","Wage","-287.7945","9929"
"Christopher Clemons (Best Websites Ever Daily Wage)","35","Wage","-158.9246","10217"
"Johnny Sample (Best Websites Ever Daily Wage)","35","Wage","-154.834","10376"
"Marketing campaigns for Luxury Clothes","35","Marketing","-100","10531"
"Marketing campaigns for Best Websites Ever","35","Marketing","-500","10631"
"6 5th Avenue Rent","35","Rent","-25","7421"
"9 5th Avenue Rent","35","Rent","-65","6028"
"Luxury Clothes Revenue","34","Revenue","3710","11131"
"Best Websites Ever Revenue","34","Revenue","1417.9","7446"
"Krista Mobley (Best Websites Ever Daily Wage)","34","Wage","-199.6887","6093"
"Rhonda Perry (Best Websites Ever Daily Wage)","34","Wage","-198.2361","6292"
"Tyrone Bethel (Best Websites Ever Daily Wage)","34","Wage","-217.091","6491"
"Pauline Dickert (Luxury Clothes Daily Wage)","34","Wage","-142.7686","6708"
"Domenic Bohman (Luxury Clothes Daily Wage)","34","Wage","-146.1143","6851"
"Amy Glover (Best Websites Ever Daily Wage)","34","Wage","-367.304","6997"
"Ruth Teeple (Best Websites Ever Daily Wage)","34","Wage","-224.5461","7364"
"Epifania Gibson (Best Websites Ever Daily Wage)","34","Wage","-287.7945","7589"
"Christopher Clemons (Best Websites Ever Daily Wage)","34","Wage","-158.9246","7876"
"Johnny Sample (Best Websites Ever Daily Wage)","34","Wage","-154.834","8035"
"Purchase from Manhattan Gas","34","Item Purchase","-38.78594","8190"
"Purchase from Manhattan Gas","34","Item Purchase","-1250","8229"
"NY AutoTow Service","34","Auto Tow Service","-500","9479"
"Purchase from IKA BOHAG","34","Item Purchase","-1800","9979"
"Purchase from NY Distro Inc","34","Item Purchase","-1728.624","11779"
"Marketing campaigns for Luxury Clothes","34","Marketing","-100","13508"
"Marketing campaigns for Best Websites Ever","34","Marketing","-500","13608"
"6 5th Avenue Rent","34","Rent","-25","10398"
"9 5th Avenue Rent","34","Rent","-65","7200"
"Luxury Clothes Revenue","33","Revenue","3710","14108"
"Best Websites Ever Revenue","33","Revenue","3222.5","10423"
"Pauline Dickert (Luxury Clothes Daily Wage)","33","Wage","-142.7686","7265"
"Domenic Bohman (Luxury Clothes Daily Wage)","33","Wage","-146.1143","7408"
"Amy Glover (Best Websites Ever Daily Wage)","33","Wage","-367.304","7554"
"Ruth Teeple (Best Websites Ever Daily Wage)","33","Wage","-224.5461","7921"
"Epifania Gibson (Best Websites Ever Daily Wage)","33","Wage","-287.7945","8146"
"Christopher Clemons (Best Websites Ever Daily Wage)","33","Wage","-158.9246","8434"
"Johnny Sample (Best Websites Ever Daily Wage)","33","Wage","-154.834","8592"
"Recruitment Campaign","33","Recruitment Campaign","-1500","8747"
"9 5th Avenue delivery from IKA BOHAG","33","Delivery Contract","-3160","10247"
"Marketing campaigns for Luxury Clothes","33","Marketing","-100","13407"
"Marketing campaigns for Best Websites Ever","33","Marketing","-500","13507"
"6 5th Avenue Rent","33","Rent","-25","10297"
"9 5th Avenue Rent","33","Rent","-65","7100"
"Luxury Clothes Revenue","32","Revenue","3710","14007"
"Best Websites Ever Revenue","32","Revenue","3222.5","10322"
"Pauline Dickert (Luxury Clothes Daily Wage)","32","Wage","-142.7686","7165"
"Domenic Bohman (Luxury Clothes Daily Wage)","32","Wage","-146.1143","7308"
"Amy Glover (Best Websites Ever Daily Wage)","32","Wage","-367.304","7454"
"Ruth Teeple (Best Websites Ever Daily Wage)","32","Wage","-224.5461","7821"
"Epifania Gibson (Best Websites Ever Daily Wage)","32","Wage","-287.7945","8046"
"Christopher Clemons (Best Websites Ever Daily Wage)","32","Wage","-158.9246","8333"
"Johnny Sample (Best Websites Ever Daily Wage)","32","Wage","-154.834","8492"
"Programmer training for Tyrone Bethel","32","Employee Training","-282","8647"
"Marketing campaigns for Luxury Clothes","32","Marketing","-100","8929"
"Marketing campaigns for Best Websites Ever","32","Marketing","-500","9029"
"6 5th Avenue Rent","32","Rent","-25","5565"
"9 5th Avenue Rent","32","Rent","-65","2368"
"Luxury Clothes Revenue","31","Revenue","3964","9529"
"Best Websites Ever Revenue","31","Revenue","3222.5","5590"
"Pauline Dickert (Luxury Clothes Daily Wage)","31","Wage","-142.7686","2433"
"Domenic Bohman (Luxury Clothes Daily Wage)","31","Wage","-146.1143","2575"
"Amy Glover (Best Websites Ever Daily Wage)","31","Wage","-367.304","2721"
"Ruth Teeple (Best Websites Ever Daily Wage)","31","Wage","-224.5461","3089"
"Epifania Gibson (Best Websites Ever Daily Wage)","31","Wage","-287.7945","3313"
"Christopher Clemons (Best Websites Ever Daily Wage)","31","Wage","-158.9246","3601"
"Johnny Sample (Best Websites Ever Daily Wage)","31","Wage","-154.834","3760"
"Recruitment Campaign","31","Recruitment Campaign","-1000","3915"
"Marketing campaigns for Luxury Clothes","31","Marketing","-100","4915"
"Marketing campaigns for Best Websites Ever","31","Marketing","-500","5015"
"6 5th Avenue Rent","31","Rent","-25","2557"
"Luxury Clothes Revenue","30","Revenue","2958","5515"
"Best Websites Ever Revenue","30","Revenue","3222.5","2582"
